{
  "80331|M\u00fcnchen": [
    48.1356168,
    11.5732955
  ],
  "6110|Halle": [
    51.4688821,
    11.9708519
  ],
  "8223|Falkenstein": [
    50.4414687,
    12.3295275
  ],
  "3046|Cottbus": [
    51.7605371,
    14.310125
  ],
  "61462|K\u00f6nigstein im Taunus": [
    50.1943365,
    8.4508294
  ],
  "87549|Rettenberg": [
    47.5874164,
    10.3111701
  ],
  "29225|Celle": [
    52.6079497,
    10.0236713
  ],
  "27476|Cuxhaven": [
    53.8477717,
    8.6197118
  ],
  "65428|R\u00fcsselsheim": [
    49.9819502,
    8.446357
  ],
  "29614|Soltau": [
    52.9959676,
    9.8563703
  ],
  "72764|Reutlingen": [
    48.4867576,
    9.2220837
  ],
  "47119|Duisburg": [
    51.4582746,
    6.7351995
  ],
  "49090|Osnabr\u00fcck": [
    52.3107014,
    8.019683
  ],
  "48249|D\u00fclmen": [
    51.8472166,
    7.2891113
  ],
  "50668|K\u00f6ln": [
    50.9504731,
    6.9629446
  ],
  "28779|Bremen": [
    53.1960043,
    8.5760025
  ],
  "89542|Herbrechtingen": [
    48.6273822,
    10.1539367
  ],
  "97070|W\u00fcrzburg": [
    49.7940782,
    9.935303
  ],
  "81737|M\u00fcnchen": [
    48.0995839,
    11.637546
  ],
  "60318|Frankfurt": [
    50.1252993,
    8.6864871
  ],
  "63069|Offenbach a. Main": [
    50.0731986,
    8.7530384
  ]
}